N,Threads,Time_sec,GFLOPS,Speedup,Efficiency,Max_Diff
100,1,0.005590,0.3578,1.00,1.00,4.94e-07
100,2,0.003011,0.6642,1.86,0.93,4.94e-07
100,4,0.001929,1.0368,2.90,0.72,4.94e-07
100,8,0.001729,1.1567,3.23,0.40,4.94e-07
200,1,0.045214,0.3539,1.00,1.00,5.04e-07
200,2,0.023070,0.6935,1.96,0.98,5.04e-07
200,4,0.012500,1.2800,3.62,0.90,5.04e-07
200,8,0.006598,2.4250,6.85,0.86,5.04e-07
300,1,0.151963,0.3553,1.00,1.00,5.07e-07
300,2,0.077037,0.7010,1.97,0.99,5.07e-07
300,4,0.040036,1.3488,3.80,0.95,5.07e-07
300,8,0.021902,2.4655,6.94,0.87,5.07e-07
400,1,0.364905,0.3508,1.00,1.00,5.13e-07
400,2,0.182292,0.7022,2.00,1.00,5.13e-07
400,4,0.094511,1.3543,3.86,0.97,5.13e-07
400,8,0.048451,2.6418,7.53,0.94,5.13e-07
500,1,0.697171,0.3586,1.00,1.00,5.14e-07
500,2,0.353103,0.7080,1.97,0.99,5.14e-07
500,4,0.179055,1.3962,3.89,0.97,5.14e-07
500,8,0.094942,2.6332,7.34,0.92,5.14e-07
600,1,1.205606,0.3583,1.00,1.00,5.16e-07
600,2,0.609792,0.7084,1.98,0.99,5.16e-07
600,4,0.311426,1.3872,3.87,0.97,5.16e-07
600,8,0.161718,2.6713,7.45,0.93,5.16e-07
700,1,1.910840,0.3590,1.00,1.00,5.18e-07
700,2,0.958553,0.7157,1.99,1.00,5.18e-07
700,4,0.490174,1.3995,3.90,0.97,5.18e-07
700,8,0.255140,2.6887,7.49,0.94,5.18e-07
800,1,2.843459,0.3601,1.00,1.00,5.19e-07
800,2,1.429933,0.7161,1.99,0.99,5.19e-07
800,4,0.732990,1.3970,3.88,0.97,5.19e-07
800,8,0.377254,2.7144,7.54,0.94,5.19e-07
900,1,4.048295,0.3602,1.00,1.00,5.21e-07
900,2,2.071947,0.7037,1.95,0.98,5.21e-07
900,4,1.039136,1.4031,3.90,0.97,5.21e-07
900,8,0.534775,2.7264,7.57,0.95,5.21e-07
1000,1,5.566446,0.3593,1.00,1.00,5.27e-07
1000,2,2.923867,0.6840,1.90,0.95,5.27e-07
1000,4,1.525427,1.3111,3.65,0.91,5.27e-07
1000,8,0.942235,2.1226,5.91,0.74,5.27e-07
